"Country","Year","Week_ahead","Model","Accuracy","MZE","macroMAE"
"ARM",2015,1,"rolling",0.854,0.146,0.0857142857142857
"AUT",2015,1,"rolling",0.438,0.562,0.421428571428571
"BEL",2015,1,"rolling",0.83,0.17,1.51666666666667
"CHE",2015,1,"rolling",0.887,0.113,0.533333333333333
"CZE",2015,1,"rolling",0.83,0.17,0.9
"DNK",2015,1,"rolling",0.733,0.267,0.120526315789474
"EST",2015,1,"rolling",0.547,0.453,0.673962703962704
"ESP",2015,1,"rolling",0.793,0.207,0.916666666666667
"GEO",2015,1,"rolling",0.792,0.208,0.138690476190476
"GRC",2015,1,"rolling",0.618,0.382,2.22435897435897
"HRV",2015,1,"rolling",0.704,0.296,1.88333333333333
"HUN",2015,1,"rolling",0.833,0.167,0.683333333333333
"IRL",2015,1,"rolling",0.868,0.132,0.321428571428571
"ISR",2015,1,"rolling",0.849,0.151,0.277564102564103
"ITA",2015,1,"rolling",0.75,0.25,0.3
"KGZ",2015,1,"rolling",0.688,0.312,0.487669172932331
"LTU",2015,1,"rolling",0.925,0.075,0.142127659574468
"LUX",2015,1,"rolling",0.69,0.31,1.06666666666667
"LVA",2015,1,"rolling",0.724,0.276,1.475
"MAR",2015,1,"rolling",0.942,0.0580000000000001,0.03
"MDA",2015,1,"rolling",0.962,0.038,0.0353333333333333
"MLT",2015,1,"rolling",0.957,0.043,0.8
"NLD",2015,1,"rolling",0.585,0.415,0.953787878787879
"NOR",2015,1,"rolling",0.483,0.517,2.05641025641026
"POL",2015,1,"rolling",0.66,0.34,0.329935897435897
"PRT",2015,1,"rolling",0.83,0.17,1.45
"ROU",2015,1,"rolling",0.938,0.0620000000000001,0.2
"SRB",2015,1,"rolling",0.696,0.304,0.152857142857143
"SVN",2015,1,"rolling",0.868,0.132,0.4425
"SVK",2015,1,"rolling",0.731,0.269,1.794
"TUR",2015,1,"rolling",0.625,0.375,0.333630952380952
"USA",2015,1,"rolling",0.849,0.151,0.224542483660131
"ARM",2016,1,"rolling",0.712,0.288,2.6
"AUT",2016,1,"rolling",0.588,0.412,0.75
"BEL",2016,1,"rolling",0.904,0.096,0.416666666666667
"CHE",2016,1,"rolling",0.865,0.135,0.208333333333333
"CZE",2016,1,"rolling",0.865,0.135,0.14047619047619
"DNK",2016,1,"rolling",0.786,0.214,0.297549019607843
"EST",2016,1,"rolling",0.654,0.346,0.693567251461988
"ESP",2016,1,"rolling",0.536,0.464,0.54
"GEO",2016,1,"rolling",0.761,0.239,0.0454166666666667
"GRC",2016,1,"rolling",0.8,0.2,0.266666666666667
"HRV",2016,1,"rolling",0.857,0.143,0.0666666666666667
"HUN",2016,1,"rolling",0.75,0.25,0.405
"IRL",2016,1,"rolling",0.865,0.135,0.17
"ISR",2016,1,"rolling",0.865,0.135,0.583333333333333
"ITA",2016,1,"rolling",0.545,0.455,0.481666666666667
"KGZ",2016,1,"rolling",0.48,0.52,2.18787878787879
"LTU",2016,1,"rolling",0.904,0.096,0.25
"LUX",2016,1,"rolling",0.643,0.357,0.72921568627451
"LVA",2016,1,"rolling",0.821,0.179,0.325
"MAR",2016,1,"rolling",0.915,0.085,0.11991452991453
"MDA",2016,1,"rolling",1,0,0
"MLT",2016,1,"rolling",0.815,0.185,0.279545454545455
"NLD",2016,1,"rolling",0.577,0.423,0.710795454545454
"NOR",2016,1,"rolling",0.357,0.643,0.606190476190476
"POL",2016,1,"rolling",0.717,0.283,0.330454545454545
"PRT",2016,1,"rolling",0.75,0.25,0.908333333333333
"ROU",2016,1,"rolling",0.865,0.135,0.102173913043478
"SRB",2016,1,"rolling",0.625,0.375,0.34
"SVN",2016,1,"rolling",0.865,0.135,0.406521739130435
"SVK",2016,1,"rolling",0.878,0.122,0.130075187969925
"TUR",2016,1,"rolling",0.867,0.133,0.15
"USA",2016,1,"rolling",0.712,0.288,0.482884615384615
"ARM",2017,1,"rolling",0.769,0.231,0.647008547008547
"AUT",2017,1,"rolling",0.545,0.455,1.22916666666667
"BEL",2017,1,"rolling",0.8,0.2,0.457142857142857
"CHE",2017,1,"rolling",0.865,0.135,0.454761904761905
"CZE",2017,1,"rolling",0.865,0.135,1.05238095238095
"DNK",2017,1,"rolling",0.857,0.143,0.0719298245614035
"EST",2017,1,"rolling",0.615,0.385,0.659103641456583
"ESP",2017,1,"rolling",0.786,0.214,0.280555555555556
"GEO",2017,1,"rolling",0.891,0.109,0.108888888888889
"GRC",2017,1,"rolling",0.769,0.231,0.471666666666667
"HRV",2017,1,"rolling",0.769,0.231,1.17777777777778
"HUN",2017,1,"rolling",0.679,0.321,1.95526315789474
"IRL",2017,1,"rolling",0.923,0.077,0.362222222222222
"ISR",2017,1,"rolling",0.942,0.0580000000000001,0.0423809523809524
"ITA",2017,1,"rolling",0.739,0.261,0.61
"KGZ",2017,1,"rolling",0.583,0.417,0.131428571428571
"LTU",2017,1,"rolling",0.914,0.086,0.45
"LUX",2017,1,"rolling",0.857,0.143,0.176190476190476
"LVA",2017,1,"rolling",0.821,0.179,0.533333333333333
"MAR",2017,1,"rolling",0.808,0.192,0.21421568627451
"MDA",2017,1,"rolling",1,0,0
"MLT",2017,1,"rolling",0.75,0.25,0.471428571428571
"NLD",2017,1,"rolling",0.558,0.442,0.98525641025641
"NOR",2017,1,"rolling",0.643,0.357,1.06190476190476
"POL",2017,1,"rolling",0.596,0.404,0.830930735930736
"PRT",2017,1,"rolling",0.904,0.096,0.17536231884058
"ROU",2017,1,"rolling",1,0,0
"SRB",2017,1,"rolling",0.636,0.364,0.677142857142857
"SVN",2017,1,"rolling",0.865,0.135,1.47121212121212
"SVK",2017,1,"rolling",0.788,0.212,0.575925925925926
"TUR",2017,1,"rolling",0.569,0.431,1.57676767676768
"USA",2017,1,"rolling",0.673,0.327,0.728869047619048
"ARM",2015,2,"rolling",0.902,0.098,0.0571428571428571
"AUT",2015,2,"rolling",0.25,0.75,1.07142857142857
"BEL",2015,2,"rolling",0.83,0.17,1.6
"CHE",2015,2,"rolling",0.868,0.132,0.933333333333333
"CZE",2015,2,"rolling",0.792,0.208,1.675
"DNK",2015,2,"rolling",0.7,0.3,0.13719298245614
"EST",2015,2,"rolling",0.547,0.453,0.874219114219114
"ESP",2015,2,"rolling",0.655,0.345,1.61666666666667
"GEO",2015,2,"rolling",0.755,0.245,0.24702380952381
"GRC",2015,2,"rolling",0.588,0.412,2.18205128205128
"HRV",2015,2,"rolling",0.667,0.333,2.41666666666667
"HUN",2015,2,"rolling",0.792,0.208,0.85
"IRL",2015,2,"rolling",0.868,0.132,0.309468438538206
"ISR",2015,2,"rolling",0.83,0.17,0.327564102564103
"ITA",2015,2,"rolling",0.583,0.417,0.433333333333333
"KGZ",2015,2,"rolling",0.625,0.375,0.556240601503759
"LTU",2015,2,"rolling",0.925,0.075,0.142127659574468
"LUX",2015,2,"rolling",0.69,0.31,1.21666666666667
"LVA",2015,2,"rolling",0.69,0.31,2.4
"MAR",2015,2,"rolling",0.788,0.212,0.127857142857143
"MDA",2015,2,"rolling",0.943,0.0570000000000001,0.1
"MLT",2015,2,"rolling",0.957,0.043,0.8
"NLD",2015,2,"rolling",0.547,0.453,0.917878787878788
"NOR",2015,2,"rolling",0.517,0.483,2.53910256410256
"POL",2015,2,"rolling",0.574,0.426,0.386858974358974
"PRT",2015,2,"rolling",0.83,0.17,1.85
"ROU",2015,2,"rolling",0.938,0.0620000000000001,0.3
"SRB",2015,2,"rolling",0.696,0.304,0.257619047619048
"SVN",2015,2,"rolling",0.849,0.151,0.66
"SVK",2015,2,"rolling",0.75,0.25,1.724
"TUR",2015,2,"rolling",0.675,0.325,0.29047619047619
"USA",2015,2,"rolling",0.755,0.245,0.305098039215686
"ARM",2016,2,"rolling",0.692,0.308,2.6027027027027
"AUT",2016,2,"rolling",0.235,0.765,0.78
"BEL",2016,2,"rolling",0.885,0.115,0.383333333333333
"CHE",2016,2,"rolling",0.769,0.231,0.516666666666667
"CZE",2016,2,"rolling",0.769,0.231,0.560714285714286
"DNK",2016,2,"rolling",0.643,0.357,0.605882352941176
"EST",2016,2,"rolling",0.596,0.404,1.67105263157895
"ESP",2016,2,"rolling",0.5,0.5,0.763333333333333
"GEO",2016,2,"rolling",0.739,0.261,0.0516666666666667
"GRC",2016,2,"rolling",0.733,0.267,0.3
"HRV",2016,2,"rolling",0.857,0.143,0.0666666666666667
"HUN",2016,2,"rolling",0.714,0.286,0.405
"IRL",2016,2,"rolling",0.808,0.192,0.3
"ISR",2016,2,"rolling",0.846,0.154,0.766666666666667
"ITA",2016,2,"rolling",0.364,0.636,0.605
"KGZ",2016,2,"rolling",0.44,0.56,1.78787878787879
"LTU",2016,2,"rolling",0.923,0.077,0.616666666666667
"LUX",2016,2,"rolling",0.679,0.321,0.706666666666667
"LVA",2016,2,"rolling",0.786,0.214,0.566666666666667
"MAR",2016,2,"rolling",0.766,0.234,0.162051282051282
"MDA",2016,2,"rolling",1,0,0
"MLT",2016,2,"rolling",0.778,0.222,0.309090909090909
"NLD",2016,2,"rolling",0.481,0.519,1.06287878787879
"NOR",2016,2,"rolling",0.5,0.5,0.794285714285714
"POL",2016,2,"rolling",0.652,0.348,0.473535353535354
"PRT",2016,2,"rolling",0.769,0.231,0.9
"ROU",2016,2,"rolling",0.865,0.135,0.104347826086957
"SRB",2016,2,"rolling",0.562,0.438,1.00428571428571
"SVN",2016,2,"rolling",0.846,0.154,0.358695652173913
"SVK",2016,2,"rolling",0.805,0.195,0.239097744360902
"TUR",2016,2,"rolling",0.533,0.467,0.171428571428571
"USA",2016,2,"rolling",0.673,0.327,0.745096153846154
"ARM",2017,2,"rolling",0.731,0.269,0.660683760683761
"AUT",2017,2,"rolling",0.409,0.591,1.69166666666667
"BEL",2017,2,"rolling",0.8,0.2,0.514285714285714
"CHE",2017,2,"rolling",0.827,0.173,0.904761904761905
"CZE",2017,2,"rolling",0.827,0.173,1.20714285714286
"DNK",2017,2,"rolling",0.821,0.179,0.13859649122807
"EST",2017,2,"rolling",0.519,0.481,0.890560224089636
"ESP",2017,2,"rolling",0.679,0.321,0.580555555555555
"GEO",2017,2,"rolling",0.739,0.261,0.0266666666666667
"GRC",2017,2,"rolling",0.712,0.288,0.881666666666667
"HRV",2017,2,"rolling",0.769,0.231,1.25
"HUN",2017,2,"rolling",0.643,0.357,2.80526315789474
"IRL",2017,2,"rolling",0.846,0.154,0.331111111111111
"ISR",2017,2,"rolling",0.846,0.154,0.66952380952381
"ITA",2017,2,"rolling",0.565,0.435,0.94
"KGZ",2017,2,"rolling",0.5,0.5,0.131428571428571
"LTU",2017,2,"rolling",0.886,0.114,0.9
"LUX",2017,2,"rolling",0.893,0.107,0.471428571428571
"LVA",2017,2,"rolling",0.75,0.25,0.733333333333333
"MAR",2017,2,"rolling",0.75,0.25,0.230098039215686
"MDA",2017,2,"rolling",1,0,0
"MLT",2017,2,"rolling",0.714,0.286,0.585714285714286
"NLD",2017,2,"rolling",0.596,0.404,0.894871794871795
"NOR",2017,2,"rolling",0.536,0.464,1.2952380952381
"POL",2017,2,"rolling",0.519,0.481,1.68469696969697
"PRT",2017,2,"rolling",0.923,0.077,0.127536231884058
"ROU",2017,2,"rolling",1,0,0
"SRB",2017,2,"rolling",0.318,0.682,1.72428571428571
"SVN",2017,2,"rolling",0.865,0.135,1.63787878787879
"SVK",2017,2,"rolling",0.712,0.288,1.09074074074074
"TUR",2017,2,"rolling",0.529,0.471,1.56005050505051
"USA",2017,2,"rolling",0.577,0.423,1.24285714285714
"ARM",2015,3,"rolling",0.878,0.122,0.0600840336134454
"AUT",2015,3,"rolling",0.312,0.688,0.821428571428571
"BEL",2015,3,"rolling",0.811,0.189,1.96666666666667
"CHE",2015,3,"rolling",0.868,0.132,0.985772357723577
"CZE",2015,3,"rolling",0.811,0.189,1.425
"DNK",2015,3,"rolling",0.667,0.333,0.19719298245614
"EST",2015,3,"rolling",0.604,0.396,0.978461538461538
"ESP",2015,3,"rolling",0.621,0.379,1.82222222222222
"GEO",2015,3,"rolling",0.736,0.264,0.249404761904762
"GRC",2015,3,"rolling",0.471,0.529,2.82435897435897
"HRV",2015,3,"rolling",0.667,0.333,2.95
"HUN",2015,3,"rolling",0.792,0.208,0.9
"IRL",2015,3,"rolling",0.849,0.151,0.359468438538206
"ISR",2015,3,"rolling",0.811,0.189,0.525
"ITA",2015,3,"rolling",0.625,0.375,0.36
"KGZ",2015,3,"rolling",0.562,0.438,0.590526315789474
"LTU",2015,3,"rolling",0.887,0.113,0.264255319148936
"LUX",2015,3,"rolling",0.621,0.379,1.65
"LVA",2015,3,"rolling",0.759,0.241,2.275
"MAR",2015,3,"rolling",0.731,0.269,0.157857142857143
"MDA",2015,3,"rolling",0.943,0.0570000000000001,0.1
"MLT",2015,3,"rolling",0.957,0.043,0.8
"NLD",2015,3,"rolling",0.585,0.415,1.07287878787879
"NOR",2015,3,"rolling",0.448,0.552,3.20128205128205
"POL",2015,3,"rolling",0.511,0.489,0.488910256410256
"PRT",2015,3,"rolling",0.849,0.151,1.9
"ROU",2015,3,"rolling",0.875,0.125,0.402439024390244
"SRB",2015,3,"rolling",0.652,0.348,0.300952380952381
"SVN",2015,3,"rolling",0.83,0.17,0.62
"SVK",2015,3,"rolling",0.769,0.231,1.824
"TUR",2015,3,"rolling",0.575,0.425,0.430952380952381
"USA",2015,3,"rolling",0.679,0.321,0.496862745098039
"ARM",2016,3,"rolling",0.673,0.327,2.60540540540541
"AUT",2016,3,"rolling",0.176,0.824,0.98
"BEL",2016,3,"rolling",0.885,0.115,0.85
"CHE",2016,3,"rolling",0.808,0.192,0.566666666666667
"CZE",2016,3,"rolling",0.788,0.212,0.596428571428571
"DNK",2016,3,"rolling",0.607,0.393,0.570098039215686
"EST",2016,3,"rolling",0.596,0.404,1.70131578947368
"ESP",2016,3,"rolling",0.5,0.5,0.963333333333333
"GEO",2016,3,"rolling",0.739,0.261,0.0545833333333333
"GRC",2016,3,"rolling",0.6,0.4,0.344444444444444
"HRV",2016,3,"rolling",0.714,0.286,0.215789473684211
"HUN",2016,3,"rolling",0.75,0.25,0.605
"IRL",2016,3,"rolling",0.788,0.212,0.332631578947368
"ISR",2016,3,"rolling",0.865,0.135,1
"ITA",2016,3,"rolling",0.5,0.5,0.556666666666667
"KGZ",2016,3,"rolling",0.36,0.64,1.85030303030303
"LTU",2016,3,"rolling",0.904,0.096,0.666666666666667
"LUX",2016,3,"rolling",0.679,0.321,0.61843137254902
"LVA",2016,3,"rolling",0.786,0.214,0.533333333333333
"MAR",2016,3,"rolling",0.702,0.298,0.177606837606838
"MDA",2016,3,"rolling",1,0,0
"MLT",2016,3,"rolling",0.852,0.148,0.275
"NLD",2016,3,"rolling",0.481,0.519,0.999621212121212
"NOR",2016,3,"rolling",0.393,0.607,0.730476190476191
"POL",2016,3,"rolling",0.652,0.348,0.60020202020202
"PRT",2016,3,"rolling",0.731,0.269,1.43333333333333
"ROU",2016,3,"rolling",0.865,0.135,0.104347826086957
"SRB",2016,3,"rolling",0.625,0.375,0.904285714285714
"SVN",2016,3,"rolling",0.865,0.135,0.410869565217391
"SVK",2016,3,"rolling",0.805,0.195,0.16390977443609
"TUR",2016,3,"rolling",0.333,0.667,0.385714285714286
"USA",2016,3,"rolling",0.635,0.365,0.735480769230769
"ARM",2017,3,"rolling",0.769,0.231,0.555555555555556
"AUT",2017,3,"rolling",0.5,0.5,1.44166666666667
"BEL",2017,3,"rolling",0.8,0.2,1.21785714285714
"CHE",2017,3,"rolling",0.808,0.192,0.707142857142857
"CZE",2017,3,"rolling",0.788,0.212,1.45714285714286
"DNK",2017,3,"rolling",0.786,0.214,0.17719298245614
"EST",2017,3,"rolling",0.615,0.385,0.900392156862745
"ESP",2017,3,"rolling",0.679,0.321,0.555555555555556
"GEO",2017,3,"rolling",0.783,0.217,0.0222222222222222
"GRC",2017,3,"rolling",0.673,0.327,1.44833333333333
"HRV",2017,3,"rolling",0.615,0.385,3.28333333333333
"HUN",2017,3,"rolling",0.679,0.321,3.40526315789474
"IRL",2017,3,"rolling",0.827,0.173,0.335555555555556
"ISR",2017,3,"rolling",0.788,0.212,0.974285714285714
"ITA",2017,3,"rolling",0.435,0.565,1.53666666666667
"KGZ",2017,3,"rolling",0.333,0.667,0.171428571428571
"LTU",2017,3,"rolling",0.886,0.114,0.9
"LUX",2017,3,"rolling",0.821,0.179,0.40952380952381
"LVA",2017,3,"rolling",0.607,0.393,1.42254901960784
"MAR",2017,3,"rolling",0.692,0.308,0.347091503267974
"MDA",2017,3,"rolling",1,0,0
"MLT",2017,3,"rolling",0.75,0.25,0.571428571428571
"NLD",2017,3,"rolling",0.615,0.385,0.630128205128205
"NOR",2017,3,"rolling",0.536,0.464,1.48095238095238
"POL",2017,3,"rolling",0.5,0.5,2.30874458874459
"PRT",2017,3,"rolling",0.865,0.135,0.198550724637681
"ROU",2017,3,"rolling",1,0,0
"SRB",2017,3,"rolling",0.455,0.545,1.61
"SVN",2017,3,"rolling",0.846,0.154,2.17348484848485
"SVK",2017,3,"rolling",0.712,0.288,1.56296296296296
"TUR",2017,3,"rolling",0.549,0.451,1.75873737373737
"USA",2017,3,"rolling",0.577,0.423,1.31577380952381
"ARM",2015,4,"rolling",0.854,0.146,0.0857142857142857
"AUT",2015,4,"rolling",0.312,0.688,0.985714285714286
"BEL",2015,4,"rolling",0.868,0.132,2.45
"CHE",2015,4,"rolling",0.83,0.17,1.63577235772358
"CZE",2015,4,"rolling",0.83,0.17,2.325
"DNK",2015,4,"rolling",0.667,0.333,0.231929824561404
"EST",2015,4,"rolling",0.623,0.377,1.21410256410256
"ESP",2015,4,"rolling",0.69,0.31,2.20555555555556
"GEO",2015,4,"rolling",0.755,0.245,0.146428571428571
"GRC",2015,4,"rolling",0.529,0.471,2.56538461538462
"HRV",2015,4,"rolling",0.63,0.37,3.05
"HUN",2015,4,"rolling",0.75,0.25,1.01666666666667
"IRL",2015,4,"rolling",0.868,0.132,0.321428571428571
"ISR",2015,4,"rolling",0.792,0.208,0.55
"ITA",2015,4,"rolling",0.708,0.292,0.433333333333333
"KGZ",2015,4,"rolling",0.625,0.375,0.561954887218045
"LTU",2015,4,"rolling",0.887,0.113,0.3
"LUX",2015,4,"rolling",0.655,0.345,1.33333333333333
"LVA",2015,4,"rolling",0.759,0.241,2.525
"MAR",2015,4,"rolling",0.846,0.154,0.0885714285714286
"MDA",2015,4,"rolling",0.943,0.0570000000000001,0.1
"MLT",2015,4,"rolling",0.957,0.043,0.8
"NLD",2015,4,"rolling",0.604,0.396,1.44363636363636
"NOR",2015,4,"rolling",0.379,0.621,3.70897435897436
"POL",2015,4,"rolling",0.532,0.468,0.499487179487179
"PRT",2015,4,"rolling",0.83,0.17,2.65
"ROU",2015,4,"rolling",0.896,0.104,0.3
"SRB",2015,4,"rolling",0.565,0.435,0.415238095238095
"SVN",2015,4,"rolling",0.792,0.208,1.14
"SVK",2015,4,"rolling",0.673,0.327,1.878
"TUR",2015,4,"rolling",0.525,0.475,0.49672619047619
"USA",2015,4,"rolling",0.698,0.302,0.521862745098039
"ARM",2016,4,"rolling",0.692,0.308,2.6027027027027
"AUT",2016,4,"rolling",0.118,0.882,1.24666666666667
"BEL",2016,4,"rolling",0.846,0.154,0.95
"CHE",2016,4,"rolling",0.788,0.212,0.433333333333333
"CZE",2016,4,"rolling",0.769,0.231,0.544047619047619
"DNK",2016,4,"rolling",0.607,0.393,0.695098039215686
"EST",2016,4,"rolling",0.635,0.365,1.75131578947368
"ESP",2016,4,"rolling",0.5,0.5,0.973333333333333
"GEO",2016,4,"rolling",0.761,0.239,0.04875
"GRC",2016,4,"rolling",0.6,0.4,0.344444444444444
"HRV",2016,4,"rolling",0.679,0.321,0.421929824561403
"HUN",2016,4,"rolling",0.714,0.286,0.733333333333333
"IRL",2016,4,"rolling",0.731,0.269,0.52
"ISR",2016,4,"rolling",0.808,0.192,1.23589743589744
"ITA",2016,4,"rolling",0.364,0.636,0.908333333333333
"KGZ",2016,4,"rolling",0.24,0.76,2.4
"LTU",2016,4,"rolling",0.846,0.154,1.00222222222222
"LUX",2016,4,"rolling",0.643,0.357,0.745882352941176
"LVA",2016,4,"rolling",0.75,0.25,0.513333333333333
"MAR",2016,4,"rolling",0.723,0.277,0.170940170940171
"MDA",2016,4,"rolling",1,0,0
"MLT",2016,4,"rolling",0.852,0.148,0.275
"NLD",2016,4,"rolling",0.462,0.538,1.33503787878788
"NOR",2016,4,"rolling",0.393,0.607,0.790476190476191
"POL",2016,4,"rolling",0.674,0.326,0.495
"PRT",2016,4,"rolling",0.712,0.288,1.51666666666667
"ROU",2016,4,"rolling",0.865,0.135,0.102173913043478
"SRB",2016,4,"rolling",0.562,0.438,0.918571428571428
"SVN",2016,4,"rolling",0.885,0.115,0.408695652173913
"SVK",2016,4,"rolling",0.805,0.195,0.16390977443609
"TUR",2016,4,"rolling",0.4,0.6,0.457142857142857
"USA",2016,4,"rolling",0.596,0.404,0.812884615384615
"ARM",2017,4,"rolling",0.75,0.25,0.566666666666667
"AUT",2017,4,"rolling",0.409,0.591,1.59166666666667
"BEL",2017,4,"rolling",0.8,0.2,1.32142857142857
"CHE",2017,4,"rolling",0.788,0.212,1.60952380952381
"CZE",2017,4,"rolling",0.75,0.25,2.21666666666667
"DNK",2017,4,"rolling",0.786,0.214,0.17719298245614
"EST",2017,4,"rolling",0.558,0.442,0.987535014005602
"ESP",2017,4,"rolling",0.571,0.429,0.95
"GEO",2017,4,"rolling",0.717,0.283,0.0288888888888889
"GRC",2017,4,"rolling",0.692,0.308,1.555
"HRV",2017,4,"rolling",0.615,0.385,3.12222222222222
"HUN",2017,4,"rolling",0.679,0.321,3.2
"IRL",2017,4,"rolling",0.827,0.173,0.591111111111111
"ISR",2017,4,"rolling",0.808,0.192,0.891904761904762
"ITA",2017,4,"rolling",0.609,0.391,1.4
"KGZ",2017,4,"rolling",0.667,0.333,0.1
"LTU",2017,4,"rolling",0.886,0.114,0.9
"LUX",2017,4,"rolling",0.714,0.286,0.557142857142857
"LVA",2017,4,"rolling",0.607,0.393,1.23921568627451
"MAR",2017,4,"rolling",0.712,0.288,0.327091503267974
"MDA",2017,4,"rolling",1,0,0
"MLT",2017,4,"rolling",0.75,0.25,0.562406015037594
"NLD",2017,4,"rolling",0.558,0.442,0.737179487179487
"NOR",2017,4,"rolling",0.429,0.571,1.32380952380952
"POL",2017,4,"rolling",0.481,0.519,2.56807359307359
"PRT",2017,4,"rolling",0.865,0.135,0.334057971014493
"ROU",2017,4,"rolling",1,0,0
"SRB",2017,4,"rolling",0.364,0.636,1.63714285714286
"SVN",2017,4,"rolling",0.846,0.154,2.60909090909091
"SVK",2017,4,"rolling",0.731,0.269,1.73333333333333
"TUR",2017,4,"rolling",0.569,0.431,2.17338383838384
"USA",2017,4,"rolling",0.654,0.346,1.19315476190476
"ARM",2015,1,"fix",0.829,0.171,0.0886554621848739
"AUT",2015,1,"fix",0.312,0.688,0.35
"BEL",2015,1,"fix",0.83,0.17,1.46666666666667
"CHE",2015,1,"fix",0.868,0.132,0.533333333333333
"CZE",2015,1,"fix",0.792,0.208,0.975
"DNK",2015,1,"fix",0.7,0.3,0.143859649122807
"EST",2015,1,"fix",0.509,0.491,0.815885780885781
"ESP",2015,1,"fix",0.759,0.241,1.03888888888889
"GEO",2015,1,"fix",0.792,0.208,0.238690476190476
"GRC",2015,1,"fix",0.471,0.529,2.74102564102564
"HRV",2015,1,"fix",0.667,0.333,2.03333333333333
"HUN",2015,1,"fix",0.75,0.25,0.8
"IRL",2015,1,"fix",0.868,0.132,0.321428571428571
"ISR",2015,1,"fix",0.811,0.189,0.402564102564103
"ITA",2015,1,"fix",0.708,0.292,0.283333333333333
"KGZ",2015,1,"fix",0.688,0.312,0.48390977443609
"LTU",2015,1,"fix",0.887,0.113,0.282127659574468
"LUX",2015,1,"fix",0.69,0.31,0.916666666666667
"LVA",2015,1,"fix",0.724,0.276,1.575
"MAR",2015,1,"fix",0.865,0.135,0.144285714285714
"MDA",2015,1,"fix",0.943,0.0570000000000001,0.1
"MLT",2015,1,"fix",0.957,0.043,0.8
"NLD",2015,1,"fix",0.509,0.491,1.14772727272727
"NOR",2015,1,"fix",0.483,0.517,2.84102564102564
"POL",2015,1,"fix",0.574,0.426,0.330961538461538
"PRT",2015,1,"fix",0.83,0.17,1.6
"ROU",2015,1,"fix",0.917,0.083,0.25
"SRB",2015,1,"fix",0.696,0.304,0.176190476190476
"SVN",2015,1,"fix",0.868,0.132,0.5425
"SVK",2015,1,"fix",0.712,0.288,2.186
"TUR",2015,1,"fix",0.625,0.375,0.321130952380952
"USA",2015,1,"fix",0.774,0.226,0.351209150326797
"ARM",2016,1,"fix",0.692,0.308,2.6027027027027
"AUT",2016,1,"fix",0.353,0.647,0.73
"BEL",2016,1,"fix",0.904,0.096,0.416666666666667
"CHE",2016,1,"fix",0.846,0.154,0.233333333333333
"CZE",2016,1,"fix",0.808,0.192,0.29047619047619
"DNK",2016,1,"fix",0.786,0.214,0.247549019607843
"EST",2016,1,"fix",0.615,0.385,0.732163742690058
"ESP",2016,1,"fix",0.536,0.464,0.548333333333333
"GEO",2016,1,"fix",0.652,0.348,0.0708333333333333
"GRC",2016,1,"fix",0.733,0.267,0.3
"HRV",2016,1,"fix",0.786,0.214,0.155263157894737
"HUN",2016,1,"fix",0.75,0.25,0.305
"IRL",2016,1,"fix",0.827,0.173,0.21
"ISR",2016,1,"fix",0.865,0.135,0.416666666666667
"ITA",2016,1,"fix",0.5,0.5,0.598333333333333
"KGZ",2016,1,"fix",0.4,0.6,2.23030303030303
"LTU",2016,1,"fix",0.923,0.077,0.266666666666667
"LUX",2016,1,"fix",0.643,0.357,0.57921568627451
"LVA",2016,1,"fix",0.857,0.143,0.3
"MAR",2016,1,"fix",0.894,0.106,0.125470085470085
"MDA",2016,1,"fix",1,0,0
"MLT",2016,1,"fix",0.815,0.185,0.179545454545455
"NLD",2016,1,"fix",0.5,0.5,0.981628787878788
"NOR",2016,1,"fix",0.429,0.571,0.67047619047619
"POL",2016,1,"fix",0.674,0.326,0.372676767676768
"PRT",2016,1,"fix",0.731,0.269,1.15833333333333
"ROU",2016,1,"fix",0.865,0.135,0.104347826086957
"SRB",2016,1,"fix",0.625,0.375,0.34
"SVN",2016,1,"fix",0.865,0.135,0.402173913043478
"SVK",2016,1,"fix",0.878,0.122,0.130075187969925
"TUR",2016,1,"fix",0.733,0.267,0.25
"USA",2016,1,"fix",0.673,0.327,0.453653846153846
"ARM",2017,1,"fix",0.75,0.25,0.558119658119658
"AUT",2017,1,"fix",0.455,0.545,1.02083333333333
"BEL",2017,1,"fix",0.8,0.2,0.457142857142857
"CHE",2017,1,"fix",0.846,0.154,0.404761904761905
"CZE",2017,1,"fix",0.827,0.173,1.00238095238095
"DNK",2017,1,"fix",0.857,0.143,0.0719298245614035
"EST",2017,1,"fix",0.558,0.442,0.503417366946779
"ESP",2017,1,"fix",0.786,0.214,0.255555555555556
"GEO",2017,1,"fix",0.652,0.348,0.0355555555555556
"GRC",2017,1,"fix",0.712,0.288,0.64
"HRV",2017,1,"fix",0.615,0.385,1.19444444444444
"HUN",2017,1,"fix",0.643,0.357,1.65526315789474
"IRL",2017,1,"fix",0.846,0.154,0.288888888888889
"ISR",2017,1,"fix",0.904,0.096,0.442380952380952
"ITA",2017,1,"fix",0.565,0.435,0.67
"KGZ",2017,1,"fix",0.5,0.5,0.145714285714286
"LTU",2017,1,"fix",0.886,0.114,0.6
"LUX",2017,1,"fix",0.75,0.25,0.519047619047619
"LVA",2017,1,"fix",0.786,0.214,0.6
"MAR",2017,1,"fix",0.788,0.212,0.21421568627451
"MDA",2017,1,"fix",1,0,0
"MLT",2017,1,"fix",0.714,0.286,0.4
"NLD",2017,1,"fix",0.558,0.442,0.88525641025641
"NOR",2017,1,"fix",0.607,0.393,1.11190476190476
"POL",2017,1,"fix",0.596,0.404,1.03430735930736
"PRT",2017,1,"fix",0.865,0.135,0.27536231884058
"ROU",2017,1,"fix",1,0,0
"SRB",2017,1,"fix",0.636,0.364,0.677142857142857
"SVN",2017,1,"fix",0.846,0.154,1.23560606060606
"SVK",2017,1,"fix",0.788,0.212,0.775925925925926
"TUR",2017,1,"fix",0.451,0.549,1.83919191919192
"USA",2017,1,"fix",0.577,0.423,0.801488095238095
"ARM",2015,2,"fix",0.902,0.098,0.0571428571428571
"AUT",2015,2,"fix",0.125,0.875,0.85
"BEL",2015,2,"fix",0.83,0.17,1.85
"CHE",2015,2,"fix",0.868,0.132,0.902439024390244
"CZE",2015,2,"fix",0.792,0.208,1.475
"DNK",2015,2,"fix",0.667,0.333,0.160526315789474
"EST",2015,2,"fix",0.453,0.547,0.987179487179487
"ESP",2015,2,"fix",0.69,0.31,1.73888888888889
"GEO",2015,2,"fix",0.736,0.264,0.251190476190476
"GRC",2015,2,"fix",0.471,0.529,2.72371794871795
"HRV",2015,2,"fix",0.63,0.37,2.55
"HUN",2015,2,"fix",0.792,0.208,0.75
"IRL",2015,2,"fix",0.849,0.151,0.359468438538206
"ISR",2015,2,"fix",0.811,0.189,0.352564102564103
"ITA",2015,2,"fix",0.542,0.458,0.533333333333333
"KGZ",2015,2,"fix",0.656,0.344,0.541954887218045
"LTU",2015,2,"fix",0.906,0.094,0.262127659574468
"LUX",2015,2,"fix",0.69,0.31,1.31666666666667
"LVA",2015,2,"fix",0.69,0.31,2.2
"MAR",2015,2,"fix",0.731,0.269,0.172857142857143
"MDA",2015,2,"fix",0.943,0.0570000000000001,0.1
"MLT",2015,2,"fix",0.957,0.043,0.8
"NLD",2015,2,"fix",0.415,0.585,1.27606060606061
"NOR",2015,2,"fix",0.483,0.517,2.91666666666667
"POL",2015,2,"fix",0.532,0.468,0.427051282051282
"PRT",2015,2,"fix",0.83,0.17,1.7
"ROU",2015,2,"fix",0.875,0.125,0.525
"SRB",2015,2,"fix",0.652,0.348,0.357619047619048
"SVN",2015,2,"fix",0.811,0.189,0.7325
"SVK",2015,2,"fix",0.731,0.269,1.928
"TUR",2015,2,"fix",0.575,0.425,0.360714285714286
"USA",2015,2,"fix",0.66,0.34,0.408986928104575
"ARM",2016,2,"fix",0.673,0.327,2.60540540540541
"AUT",2016,2,"fix",0.235,0.765,0.78
"BEL",2016,2,"fix",0.904,0.096,0.683333333333333
"CHE",2016,2,"fix",0.788,0.212,0.516666666666667
"CZE",2016,2,"fix",0.75,0.25,0.710714285714286
"DNK",2016,2,"fix",0.607,0.393,0.605882352941176
"EST",2016,2,"fix",0.462,0.538,1.09210526315789
"ESP",2016,2,"fix",0.5,0.5,0.763333333333333
"GEO",2016,2,"fix",0.717,0.283,0.0491666666666667
"GRC",2016,2,"fix",0.733,0.267,0.3
"HRV",2016,2,"fix",0.786,0.214,0.133333333333333
"HUN",2016,2,"fix",0.714,0.286,0.438333333333333
"IRL",2016,2,"fix",0.808,0.192,0.31
"ISR",2016,2,"fix",0.808,0.192,0.658333333333333
"ITA",2016,2,"fix",0.409,0.591,0.668333333333333
"KGZ",2016,2,"fix",0.36,0.64,2.1969696969697
"LTU",2016,2,"fix",0.904,0.096,0.65
"LUX",2016,2,"fix",0.643,0.357,0.725882352941176
"LVA",2016,2,"fix",0.75,0.25,0.591666666666667
"MAR",2016,2,"fix",0.681,0.319,0.0898290598290598
"MDA",2016,2,"fix",1,0,0
"MLT",2016,2,"fix",0.778,0.222,0.309090909090909
"NLD",2016,2,"fix",0.462,0.538,1.01420454545455
"NOR",2016,2,"fix",0.357,0.643,1.09428571428571
"POL",2016,2,"fix",0.587,0.413,0.602070707070707
"PRT",2016,2,"fix",0.712,0.288,1.46666666666667
"ROU",2016,2,"fix",0.865,0.135,0.104347826086957
"SRB",2016,2,"fix",0.562,0.438,0.954285714285714
"SVN",2016,2,"fix",0.846,0.154,0.354347826086957
"SVK",2016,2,"fix",0.805,0.195,0.242857142857143
"TUR",2016,2,"fix",0.267,0.733,0.435714285714286
"USA",2016,2,"fix",0.538,0.462,0.837884615384615
"ARM",2017,2,"fix",0.731,0.269,0.660683760683761
"AUT",2017,2,"fix",0.364,0.636,1.73333333333333
"BEL",2017,2,"fix",0.771,0.229,0.964285714285714
"CHE",2017,2,"fix",0.846,0.154,0.504761904761905
"CZE",2017,2,"fix",0.808,0.192,1.35714285714286
"DNK",2017,2,"fix",0.75,0.25,0.205263157894737
"EST",2017,2,"fix",0.442,0.558,0.954873949579832
"ESP",2017,2,"fix",0.679,0.321,0.672222222222222
"GEO",2017,2,"fix",0.587,0.413,0.0422222222222222
"GRC",2017,2,"fix",0.615,0.385,1.385
"HRV",2017,2,"fix",0.577,0.423,2.55555555555556
"HUN",2017,2,"fix",0.679,0.321,2.00526315789474
"IRL",2017,2,"fix",0.827,0.173,0.328888888888889
"ISR",2017,2,"fix",0.808,0.192,0.82952380952381
"ITA",2017,2,"fix",0.522,0.478,0.793333333333333
"KGZ",2017,2,"fix",0.417,0.583,0.16
"LTU",2017,2,"fix",0.886,0.114,0.9
"LUX",2017,2,"fix",0.786,0.214,0.738095238095238
"LVA",2017,2,"fix",0.714,0.286,0.73921568627451
"MAR",2017,2,"fix",0.75,0.25,0.230098039215686
"MDA",2017,2,"fix",1,0,0
"MLT",2017,2,"fix",0.679,0.321,0.6
"NLD",2017,2,"fix",0.481,0.519,0.794230769230769
"NOR",2017,2,"fix",0.536,0.464,1.4
"POL",2017,2,"fix",0.519,0.481,1.69731601731602
"PRT",2017,2,"fix",0.904,0.096,0.22536231884058
"ROU",2017,2,"fix",1,0,0
"SRB",2017,2,"fix",0.136,0.864,1.47571428571429
"SVN",2017,2,"fix",0.865,0.135,1.43787878787879
"SVK",2017,2,"fix",0.692,0.308,1.68703703703704
"TUR",2017,2,"fix",0.451,0.549,1.93984848484848
"USA",2017,2,"fix",0.519,0.481,1.19285714285714
"ARM",2015,3,"fix",0.854,0.146,0.0743697478991597
"AUT",2015,3,"fix",0.125,0.875,1.05
"BEL",2015,3,"fix",0.811,0.189,2.16666666666667
"CHE",2015,3,"fix",0.83,0.17,1.40243902439024
"CZE",2015,3,"fix",0.792,0.208,1.45
"DNK",2015,3,"fix",0.667,0.333,0.231929824561404
"EST",2015,3,"fix",0.566,0.434,1.05910256410256
"ESP",2015,3,"fix",0.621,0.379,1.82222222222222
"GEO",2015,3,"fix",0.717,0.283,0.274404761904762
"GRC",2015,3,"fix",0.441,0.559,2.8
"HRV",2015,3,"fix",0.63,0.37,3.01666666666667
"HUN",2015,3,"fix",0.792,0.208,0.8
"IRL",2015,3,"fix",0.849,0.151,0.359468438538206
"ISR",2015,3,"fix",0.811,0.189,0.625
"ITA",2015,3,"fix",0.583,0.417,0.41
"KGZ",2015,3,"fix",0.562,0.438,0.590526315789474
"LTU",2015,3,"fix",0.887,0.113,0.264255319148936
"LUX",2015,3,"fix",0.552,0.448,1.58333333333333
"LVA",2015,3,"fix",0.724,0.276,2.425
"MAR",2015,3,"fix",0.712,0.288,0.177857142857143
"MDA",2015,3,"fix",0.943,0.0570000000000001,0.1
"MLT",2015,3,"fix",0.957,0.043,0.8
"NLD",2015,3,"fix",0.509,0.491,1.24030303030303
"NOR",2015,3,"fix",0.448,0.552,3.175
"POL",2015,3,"fix",0.553,0.447,0.427692307692308
"PRT",2015,3,"fix",0.83,0.17,2.2
"ROU",2015,3,"fix",0.854,0.146,0.452439024390244
"SRB",2015,3,"fix",0.652,0.348,0.300952380952381
"SVN",2015,3,"fix",0.792,0.208,0.8225
"SVK",2015,3,"fix",0.769,0.231,1.524
"TUR",2015,3,"fix",0.55,0.45,0.453273809523809
"USA",2015,3,"fix",0.698,0.302,0.452745098039216
"ARM",2016,3,"fix",0.673,0.327,2.60540540540541
"AUT",2016,3,"fix",0.176,0.824,0.796666666666667
"BEL",2016,3,"fix",0.885,0.115,0.85
"CHE",2016,3,"fix",0.788,0.212,0.741666666666667
"CZE",2016,3,"fix",0.731,0.269,0.65
"DNK",2016,3,"fix",0.536,0.464,0.675980392156863
"EST",2016,3,"fix",0.519,0.481,1.92763157894737
"ESP",2016,3,"fix",0.464,0.536,0.988333333333333
"GEO",2016,3,"fix",0.696,0.304,0.0554166666666667
"GRC",2016,3,"fix",0.533,0.467,0.366666666666667
"HRV",2016,3,"fix",0.643,0.357,0.349122807017544
"HUN",2016,3,"fix",0.75,0.25,0.405
"IRL",2016,3,"fix",0.75,0.25,0.412631578947368
"ISR",2016,3,"fix",0.808,0.192,0.902564102564103
"ITA",2016,3,"fix",0.318,0.682,0.946666666666667
"KGZ",2016,3,"fix",0.36,0.64,2.18363636363636
"LTU",2016,3,"fix",0.827,0.173,0.873333333333333
"LUX",2016,3,"fix",0.643,0.357,0.87921568627451
"LVA",2016,3,"fix",0.786,0.214,0.633333333333333
"MAR",2016,3,"fix",0.617,0.383,0.107606837606838
"MDA",2016,3,"fix",1,0,0
"MLT",2016,3,"fix",0.815,0.185,0.288636363636364
"NLD",2016,3,"fix",0.423,0.577,1.78295454545455
"NOR",2016,3,"fix",0.25,0.75,1.46857142857143
"POL",2016,3,"fix",0.63,0.37,0.609292929292929
"PRT",2016,3,"fix",0.692,0.308,1.55833333333333
"ROU",2016,3,"fix",0.865,0.135,0.104347826086957
"SRB",2016,3,"fix",0.625,0.375,0.904285714285714
"SVN",2016,3,"fix",0.865,0.135,0.460869565217391
"SVK",2016,3,"fix",0.78,0.22,0.172932330827068
"TUR",2016,3,"fix",0.4,0.6,0.214285714285714
"USA",2016,3,"fix",0.577,0.423,0.697019230769231
"ARM",2017,3,"fix",0.769,0.231,0.555555555555556
"AUT",2017,3,"fix",0.318,0.682,1.6125
"BEL",2017,3,"fix",0.8,0.2,0.917857142857143
"CHE",2017,3,"fix",0.808,0.192,0.807142857142857
"CZE",2017,3,"fix",0.788,0.212,1.51190476190476
"DNK",2017,3,"fix",0.714,0.286,0.22719298245614
"EST",2017,3,"fix",0.5,0.5,1.01392156862745
"ESP",2017,3,"fix",0.643,0.357,0.594444444444444
"GEO",2017,3,"fix",0.674,0.326,0.0333333333333333
"GRC",2017,3,"fix",0.635,0.365,1.685
"HRV",2017,3,"fix",0.538,0.462,3.49444444444444
"HUN",2017,3,"fix",0.643,0.357,3.60526315789474
"IRL",2017,3,"fix",0.808,0.192,0.373333333333333
"ISR",2017,3,"fix",0.769,0.231,1.06952380952381
"ITA",2017,3,"fix",0.522,0.478,1.04666666666667
"KGZ",2017,3,"fix",0.333,0.667,0.171428571428571
"LTU",2017,3,"fix",0.886,0.114,0.9
"LUX",2017,3,"fix",0.75,0.25,0.461904761904762
"LVA",2017,3,"fix",0.607,0.393,1.33921568627451
"MAR",2017,3,"fix",0.635,0.365,0.368202614379085
"MDA",2017,3,"fix",1,0,0
"MLT",2017,3,"fix",0.679,0.321,0.6
"NLD",2017,3,"fix",0.5,0.5,0.786538461538462
"NOR",2017,3,"fix",0.464,0.536,1.36428571428571
"POL",2017,3,"fix",0.462,0.538,2.5621645021645
"PRT",2017,3,"fix",0.904,0.096,0.0818840579710145
"ROU",2017,3,"fix",1,0,0
"SRB",2017,3,"fix",0.273,0.727,2.01142857142857
"SVN",2017,3,"fix",0.865,0.135,2.07348484848485
"SVK",2017,3,"fix",0.673,0.327,1.85555555555556
"TUR",2017,3,"fix",0.451,0.549,2.10873737373737
"USA",2017,3,"fix",0.519,0.481,1.78005952380952
"ARM",2015,4,"fix",0.854,0.146,0.0857142857142857
"AUT",2015,4,"fix",0.125,0.875,1.05
"BEL",2015,4,"fix",0.811,0.189,2.4
"CHE",2015,4,"fix",0.849,0.151,1.45243902439024
"CZE",2015,4,"fix",0.792,0.208,2.3
"DNK",2015,4,"fix",0.7,0.3,0.226666666666667
"EST",2015,4,"fix",0.528,0.472,1.25179487179487
"ESP",2015,4,"fix",0.69,0.31,2.08888888888889
"GEO",2015,4,"fix",0.717,0.283,0.171428571428571
"GRC",2015,4,"fix",0.441,0.559,2.9
"HRV",2015,4,"fix",0.556,0.444,3.5
"HUN",2015,4,"fix",0.708,0.292,1.03333333333333
"IRL",2015,4,"fix",0.849,0.151,0.371428571428571
"ISR",2015,4,"fix",0.792,0.208,0.55
"ITA",2015,4,"fix",0.625,0.375,0.5
"KGZ",2015,4,"fix",0.594,0.406,0.576240601503759
"LTU",2015,4,"fix",0.887,0.113,0.3
"LUX",2015,4,"fix",0.621,0.379,1.65
"LVA",2015,4,"fix",0.724,0.276,2.625
"MAR",2015,4,"fix",0.75,0.25,0.137857142857143
"MDA",2015,4,"fix",0.943,0.0570000000000001,0.1
"MLT",2015,4,"fix",0.957,0.043,0.8
"NLD",2015,4,"fix",0.528,0.472,1.23606060606061
"NOR",2015,4,"fix",0.379,0.621,3.24038461538462
"POL",2015,4,"fix",0.447,0.553,0.607179487179487
"PRT",2015,4,"fix",0.83,0.17,2.75
"ROU",2015,4,"fix",0.854,0.146,0.475
"SRB",2015,4,"fix",0.565,0.435,0.415238095238095
"SVN",2015,4,"fix",0.792,0.208,1.12
"SVK",2015,4,"fix",0.712,0.288,1.86533333333333
"TUR",2015,4,"fix",0.475,0.525,0.633630952380952
"USA",2015,4,"fix",0.717,0.283,0.421862745098039
"ARM",2016,4,"fix",0.692,0.308,2.6027027027027
"AUT",2016,4,"fix",0.235,0.765,1.03
"BEL",2016,4,"fix",0.846,0.154,0.885714285714286
"CHE",2016,4,"fix",0.75,0.25,0.7
"CZE",2016,4,"fix",0.769,0.231,0.494047619047619
"DNK",2016,4,"fix",0.536,0.464,0.759313725490196
"EST",2016,4,"fix",0.538,0.462,2.13377192982456
"ESP",2016,4,"fix",0.464,0.536,1.04833333333333
"GEO",2016,4,"fix",0.696,0.304,0.0616666666666667
"GRC",2016,4,"fix",0.467,0.533,0.388888888888889
"HRV",2016,4,"fix",0.607,0.393,0.621052631578947
"HUN",2016,4,"fix",0.714,0.286,0.683333333333333
"IRL",2016,4,"fix",0.75,0.25,0.475
"ISR",2016,4,"fix",0.788,0.212,1.23589743589744
"ITA",2016,4,"fix",0.182,0.818,1.08166666666667
"KGZ",2016,4,"fix",0.24,0.76,2.3
"LTU",2016,4,"fix",0.827,0.173,0.906666666666667
"LUX",2016,4,"fix",0.571,0.429,0.885882352941177
"LVA",2016,4,"fix",0.714,0.286,0.575
"MAR",2016,4,"fix",0.702,0.298,0.176495726495726
"MDA",2016,4,"fix",1,0,0
"MLT",2016,4,"fix",0.852,0.148,0.275
"NLD",2016,4,"fix",0.385,0.615,1.59545454545455
"NOR",2016,4,"fix",0.286,0.714,1.06857142857143
"POL",2016,4,"fix",0.63,0.37,0.582424242424242
"PRT",2016,4,"fix",0.712,0.288,1.56666666666667
"ROU",2016,4,"fix",0.865,0.135,0.104347826086957
"SRB",2016,4,"fix",0.562,0.438,0.918571428571428
"SVN",2016,4,"fix",0.827,0.173,0.417391304347826
"SVK",2016,4,"fix",0.756,0.244,0.253383458646617
"TUR",2016,4,"fix",0.267,0.733,0.414285714285714
"USA",2016,4,"fix",0.596,0.404,0.672403846153846
"ARM",2017,4,"fix",0.731,0.269,0.569230769230769
"AUT",2017,4,"fix",0.136,0.864,1.95833333333333
"BEL",2017,4,"fix",0.743,0.257,1.32857142857143
"CHE",2017,4,"fix",0.769,0.231,1.26428571428571
"CZE",2017,4,"fix",0.731,0.269,2.31428571428571
"DNK",2017,4,"fix",0.714,0.286,0.204385964912281
"EST",2017,4,"fix",0.538,0.462,0.928039215686275
"ESP",2017,4,"fix",0.607,0.393,0.836111111111111
"GEO",2017,4,"fix",0.63,0.37,0.0377777777777778
"GRC",2017,4,"fix",0.635,0.365,1.73333333333333
"HRV",2017,4,"fix",0.538,0.462,3.56111111111111
"HUN",2017,4,"fix",0.643,0.357,2.81052631578947
"IRL",2017,4,"fix",0.788,0.212,0.453333333333333
"ISR",2017,4,"fix",0.788,0.212,0.934285714285714
"ITA",2017,4,"fix",0.435,0.565,1.78666666666667
"KGZ",2017,4,"fix",0.583,0.417,0.108571428571429
"LTU",2017,4,"fix",0.886,0.114,0.9
"LUX",2017,4,"fix",0.643,0.357,0.885714285714286
"LVA",2017,4,"fix",0.643,0.357,1.33921568627451
"MAR",2017,4,"fix",0.654,0.346,0.274313725490196
"MDA",2017,4,"fix",1,0,0
"MLT",2017,4,"fix",0.536,0.464,0.621052631578947
"NLD",2017,4,"fix",0.481,0.519,0.894871794871795
"NOR",2017,4,"fix",0.429,0.571,1.22380952380952
"POL",2017,4,"fix",0.5,0.5,2.54731601731602
"PRT",2017,4,"fix",0.885,0.115,0.186231884057971
"ROU",2017,4,"fix",1,0,0
"SRB",2017,4,"fix",0.227,0.773,1.70714285714286
"SVN",2017,4,"fix",0.808,0.192,2.6780303030303
"SVK",2017,4,"fix",0.731,0.269,1.7462962962963
"TUR",2017,4,"fix",0.392,0.608,2.60878787878788
"USA",2017,4,"fix",0.577,0.423,1.20744047619048
